Image,Text,Score,Box
id5.jpg,承/Institlte]]epartaent.,0.7845100164413452,"[[18.0, 140.0], [568.0, 138.0], [568.0, 170.0], [18.0, 172.0]]"
id5.jpg,nstiteof,0.7292218804359436,"[[16.0, 286.0], [154.0, 286.0], [154.0, 311.0], [16.0, 311.0]]"
id5.jpg,rai,0.614314079284668,"[[159.0, 285.0], [225.0, 285.0], [225.0, 311.0], [159.0, 311.0]]"
id5.jpg,Science,0.9207921028137207,"[[231.0, 284.0], [333.0, 286.0], [332.0, 311.0], [230.0, 309.0]]"
id5.jpg,Program,0.8012822270393372,"[[81.0, 378.0], [189.0, 381.0], [188.0, 410.0], [80.0, 406.0]]"
id5.jpg,I0：41231002,0.8323279023170471,"[[291.0, 419.0], [528.0, 416.0], [528.0, 448.0], [292.0, 451.0]]"
id5.jpg,雙名／Na難e：郭錦龍,0.787905752658844,"[[17.0, 468.0], [349.0, 464.0], [349.0, 499.0], [17.0, 503.0]]"
id5.jpg,Chin-Lurs,0.8338893055915833,"[[16.0, 517.0], [147.0, 520.0], [146.0, 550.0], [15.0, 546.0]]"
id5.jpg,KU,0.7885996103286743,"[[156.0, 519.0], [205.0, 519.0], [205.0, 547.0], [156.0, 547.0]]"
